Workbook

Sheet OCT
A1: NAÜM. PROJECTE SOCIO-EDUCATIU Germanes de la Caritat de Sant Vicenç de Paül C/ C'an Ferragut , 4A C.P: 07011 Palma de Mallorca Tef: 971.78.30.19 e-mail: info@naumsonroca.es CIF: R07000696H Data: 07/10/2025 Codi: R-AS.10 Edició: 9ª
B9: ACTIVITATS LÚDIQUES I RACÓ
B10: Grup:
B11: Mes: OCTUBRE 2025
C12: 6 | D12: 7 | E12: 8 | F12: 9 | G12: 13 | H12: 14 | I12: 15 | J12: 16 | K12: 20 | L12: 21 | M12: 22 | N12: 23 | O12: 27 | P12: 28 | Q12: 29 | R12: 30
A13: 1 | S13: =SUM(C13:R13)/16 -> 0
A14: 2 | S14: =SUM(C14:R14)/16 -> 0
A15: 3 | S15: =SUM(C15:R15)/16 -> 0
A16: 4 | S16: =SUM(C16:R16)/16 -> 0
A17: 5 | S17: =SUM(C17:R17)/16 -> 0
A18: 6 | S18: =SUM(C18:R18)/16 -> 0
A19: 7 | S19: =SUM(C19:R19)/16 -> 0
A20: 8 | S20: =SUM(C20:R20)/16 -> 0
A21: 9 | S21: =SUM(C21:R21)/16 -> 0
A22: 10 | S22: =SUM(C22:R22)/16 -> 0
A23: 11 | S23: =SUM(C23:R23)/16 -> 0
A24: 12 | S24: =SUM(C24:R24)/16 -> 0
... A26: 14 | S26: =SUM(C26:R26)/16 -> 0
A27: TOTAL | S27: =SUM(S13:S22)/12 -> 0

Sheet NOV
A1: NAÜM. PROJECTE SOCIO-EDUCATIU Germanes de la Caritat de Sant Vicenç de Paül C/ C'an Ferragut , 4A C.P: 07011 Palma de Mallorca Tef: 971.78.30.19 e-mail: info@naumsonroca.es CIF: R07000696H Data: 07/10/2025 Codi: R-AS.10 Edició: 9ª
B8: ACTIVITATS LÚDIQUES I RACÓ
B9: Grup:
B10: Mes: NOVIEMBRE 2025
C11: 3 | D11: 4 | E11: 5 | F11: 6 | G11: 10 | H11: 11 | I11: 12 | J11: 13 | K11: 17 | L11: 18 | M11: 19 | N11: 20 | O11: 24 | P11: 25 | Q11: 26 | R11: 27
A12: 1 | B12: =OCT!B13 -> 0 | S12: =SUM(C12:R12)/16 -> 0
A13: 2 | B13: =OCT!B14 -> 0 | S13: =SUM(C13:R13)/16 -> 0
A14: 3 | B14: =OCT!B15 -> 0 | S14: =SUM(C14:R14)/16 -> 0
A15: 4 | B15: =OCT!B16 -> 0 | S15: =SUM(C15:R15)/16 -> 0
A16: 5 | B16: =OCT!B17 -> 0 | S16: =SUM(C16:R16)/16 -> 0
A17: 6 | B17: =OCT!B18 -> 0 | S17: =SUM(C17:R17)/16 -> 0
A18: 7 | B18: =OCT!B19 -> 0 | S18: =SUM(C18:R18)/16 -> 0
A19: 8 | B19: =OCT!B20 -> 0 | S19: =SUM(C19:R19)/16 -> 0
A20: 9 | B20: =OCT!B21 -> 0 | S20: =SUM(C20:R20)/16 -> 0
A21: 10 | B21: =OCT!B22 -> 0 | S21: =SUM(C21:R21)/16 -> 0
A22: 11 | B22: =OCT!B23 -> 0 | S22: =SUM(C22:R22)/16 -> 0
A23: 12 | B23: =OCT!B24 -> 0 | S23: =SUM(C23:R23)/16 -> 0
... A25: 14 | B25: =OCT!B26 -> 0 | S25: =SUM(C25:R25)/16 -> 0
A26: TOTAL | S26: =SUM(S12:S21)/12 -> 0

Sheet DIC
A1: NAÜM. PROJECTE SOCIO-EDUCATIU Germanes de la Caritat de Sant Vicenç de Paül C/ C'an Ferragut , 4A C.P: 07011 Palma de Mallorca Tef: 971.78.30.19 e-mail: info@naumsonroca.es CIF: R07000696H Data: 07/10/2025 Codi: R-AS.10 Edició: 9ª
B8: ACTIVITATS LÚDIQUES I RACÓ
B9: Grup:
B10: Mes: DICIEMBRE 2025
C11: 1 | D11: 2 | E11: 3 | F11: 4 | G11: 8 | H11: 9 | I11: 10 | J11: 11 | K11: 15 | L11: 16 | M11: 17 | N11: 18
A12: 1 | B12: =OCT!B13 -> 0 | O12: =SUM(C12:N12)/12 -> 0
A13: 2 | B13: =OCT!B14 -> 0 | O13: =SUM(C13:N13)/12 -> 0
A14: 3 | B14: =OCT!B15 -> 0 | O14: =SUM(C14:N14)/12 -> 0
A15: 4 | B15: =OCT!B16 -> 0 | O15: =SUM(C15:N15)/12 -> 0
A16: 5 | B16: =OCT!B17 -> 0 | O16: =SUM(C16:N16)/12 -> 0
A17: 6 | B17: =OCT!B18 -> 0 | O17: =SUM(C17:N17)/12 -> 0
A18: 7 | B18: =OCT!B19 -> 0 | O18: =SUM(C18:N18)/12 -> 0
A19: 8 | B19: =OCT!B20 -> 0 | O19: =SUM(C19:N19)/12 -> 0
A20: 9 | B20: =OCT!B21 -> 0 | O20: =SUM(C20:N20)/12 -> 0
A21: 10 | B21: =OCT!B22 -> 0 | O21: =SUM(C21:N21)/12 -> 0
A22: 11 | B22: =OCT!B23 -> 0 | O22: =SUM(C22:N22)/12 -> 0
A23: 12 | B23: =OCT!B24 -> 0 | O23: =SUM(C23:N23)/12 -> 0
... A25: 14 | B25: =OCT!B26 -> 0 | O25: =SUM(C25:N25)/12 -> 0
A26: 15 | O26: =SUM(C26:N26)/12 -> 0
A27: 16 | O27: =SUM(C27:N27)/12 -> 0
A28: TOTAL | O28: =SUM(Q14:Q23)/12 -> 0

Sheet ENE
A1: FUNDACIÓN NAUM PROYECTO SOCIOEDUCATIVO C/ C'an Ferragut , 4A C.P: 07011 Palma de Mallorca Tef: 971.78.30.19 e-mail: info@naumsonroca.es CIF: G75889352 Data: 07/01/2026 Codi: R-AS.11 Edició: 10ª
B8: ACTIVITATS LÚDIQUES I RACÓ
B9: Grup:
B10: Mes: ENERO 2025
C11: 7 | D11: 8 | E11: 12 | F11: 13 | G11: 14 | H11: 15 | I11: 19 | J11: 20 | K11: 21 | L11: 22 | M11: 26 | N11: 27 | O11: 28 | P11: 29
A12: 1 | B12: =OCT!B13 -> 0 | Q12: =SUM(C12:P12)/14 -> 0
A13: 2 | B13: =OCT!B14 -> 0 | Q13: =SUM(C13:P13)/14 -> 0
A14: 3 | B14: =OCT!B15 -> 0 | Q14: =SUM(C14:P14)/14 -> 0
A15: 4 | B15: =OCT!B16 -> 0 | Q15: =SUM(C15:P15)/14 -> 0
A16: 5 | B16: =OCT!B17 -> 0 | Q16: =SUM(C16:P16)/14 -> 0
A17: 6 | B17: =OCT!B18 -> 0 | Q17: =SUM(C17:P17)/14 -> 0
A18: 7 | B18: =OCT!B19 -> 0 | Q18: =SUM(C18:P18)/14 -> 0
A19: 8 | B19: =OCT!B20 -> 0 | Q19: =SUM(C19:P19)/14 -> 0
A20: 9 | B20: =OCT!B21 -> 0 | Q20: =SUM(C20:P20)/14 -> 0
A21: 10 | B21: =OCT!B22 -> 0 | Q21: =SUM(C21:P21)/14 -> 0
A22: 11 | B22: =OCT!B23 -> 0 | Q22: =SUM(C22:P22)/14 -> 0
A23: 12 | B23: =OCT!B24 -> 0 | Q23: =SUM(C23:P23)/14 -> 0
... A25: 14 | B25: =OCT!B26 -> 0 | Q25: =SUM(C25:P25)/14 -> 0
A26: TOTAL | Q26: =SUM(Q12:Q21)/12 -> 0

Sheet FEB
A1: FUNDACIÓN NAUM PROYECTO SOCIOEDUCATIVO C/ C'an Ferragut , 4A C.P: 07011 Palma de Mallorca Tef: 971.78.30.19 Fax: 971.79.82.29 e-mail: info@naumsonroca.es CIF: G75889352 Data: 07/10/2025 Codi: R-AS.11 Edició: 10ª
B8: ACTIVITATS LÚDIQUES I RACÓ
B9: Grup:
B10: Mes: FEBRERO 2025
C11: 2 | D11: 3 | E11: 4 | F11: 5 | G11: 9 | H11: 10 | I11: 11 | J11: 12 | K11: 16 | L11: 17 | M11: 18 | N11: 19 | O11: 23 | P11: 24 | Q11: 25 | R11: 26
A12: 1 | B12: =OCT!B13 -> 0 | S12: =SUM(C12:R12)/16 -> 0
A13: 2 | B13: =OCT!B14 -> 0 | S13: =SUM(C13:R13)/16 -> 0
A14: 3 | B14: =OCT!B15 -> 0 | S14: =SUM(C14:R14)/16 -> 0
A15: 4 | B15: =OCT!B16 -> 0 | S15: =SUM(C15:R15)/16 -> 0
A16: 5 | B16: =OCT!B17 -> 0 | S16: =SUM(C16:R16)/16 -> 0
A17: 6 | B17: =OCT!B18 -> 0 | S17: =SUM(C17:R17)/16 -> 0
A18: 7 | B18: =OCT!B19 -> 0 | S18: =SUM(C18:R18)/16 -> 0
A19: 8 | B19: =OCT!B20 -> 0 | S19: =SUM(C19:R19)/16 -> 0
A20: 9 | B20: =OCT!B21 -> 0 | S20: =SUM(C20:R20)/16 -> 0
A21: 10 | B21: =OCT!B22 -> 0 | S21: =SUM(C21:R21)/16 -> 0
A22: 11 | B22: =OCT!B23 -> 0 | S22: =SUM(C22:R22)/16 -> 0
A23: 12 | B23: =OCT!B24 -> 0 | S23: =SUM(C23:R23)/16 -> 0
... A25: 14 | B25: =OCT!B26 -> 0 | S25: =SUM(C25:R25)/16 -> 0
A26: 15 | S26: =SUM(C26:R26)/16 -> 0
A27: 16 | S27: =SUM(C27:R27)/16 -> 0
A28: TOTAL | S28: =SUM(S12:S21)/12 -> 0

Sheet MAR
A1: FUNDACIÓN NAUM PROYECTO SOCIOEDUCATIVO C/ C'an Ferragut , 4A C.P: 07011 Palma de Mallorca Tef: 971.78.30.19 Fax: 971.79.82.29 e-mail: info@naumsonroca.es CIF: G75889352 Data: 07/10/2025 Codi: R-AS.11 Edició: 10ª
B8: ACTIVITATS LÚDIQUES I RACÓ
B9: Grup:
B10: Mes: MARZO 2025
C11: 2 | D11: 3 | E11: 4 | F11: 5 | G11: 9 | H11: 10 | I11: 11 | J11: 12 | K11: 16 | L11: 17 | M11: 18 | N11: 19 | O11: 23 | P11: 24 | Q11: 25 | R11: 26 | S11: 30 | T11: 31
A12: 1 | B12: =OCT!B13 -> 0 | U12: =SUM(C12:T12)/17 -> 0
A13: 2 | B13: =OCT!B14 -> 0 | U13: =SUM(C13:T13)/17 -> 0
A14: 3 | B14: =OCT!B15 -> 0 | U14: =SUM(C14:T14)/17 -> 0
A15: 4 | B15: =OCT!B16 -> 0 | U15: =SUM(C15:T15)/17 -> 0
A16: 5 | B16: =OCT!B17 -> 0 | U16: =SUM(C16:T16)/17 -> 0
A17: 6 | B17: =OCT!B18 -> 0 | U17: =SUM(C17:T17)/17 -> 0
A18: 7 | B18: =OCT!B19 -> 0 | U18: =SUM(C18:T18)/17 -> 0
A19: 8 | B19: =OCT!B20 -> 0 | U19: =SUM(C19:T19)/17 -> 0
A20: 9 | B20: =OCT!B21 -> 0 | U20: =SUM(C20:T20)/17 -> 0
A21: 10 | B21: =OCT!B22 -> 0 | U21: =SUM(C21:T21)/17 -> 0
A22: 11 | B22: =OCT!B23 -> 0 | U22: =SUM(C22:T22)/17 -> 0
A23: 12 | B23: =OCT!B24 -> 0
A24: 13 | B24: =OCT!B25 -> 0
A25: 14 | B25: =OCT!B26 -> 0 | U25: =SUM(C25:T25)/17 -> 0
A26: TOTAL | U26: =SUM(U12:U22)/12 -> 0

Sheet ABR
A1: FUNDACIÓN NAUM PROYECTO SOCIOEDUCATIVO C/ C'an Ferragut , 4A C.P: 07011 Palma de Mallorca Tef: 971.78.30.19 Fax: 971.79.82.29 e-mail: info@naumsonroca.es CIF: G75889352 Data: 07/10/2025 Codi: R-AS.11 Edició: 10ª
B8: ACTIVITATS LÚDIQUES I RACÓ
B9: Grup:
B10: Mes: ABRIL 2025
C11: 1 | D11: 2 | E11: 6 | F11: 7 | G11: 8 | H11: 9 | I11: 13 | J11: 14 | K11: 15 | L11: 16 | M11: 20 | N11: 21 | O11: 22 | P11: 23 | Q11: 27 | R11: 28 | S11: 29 | T11: 30
A12: 1 | B12: =OCT!B13 -> 0 | U12: =SUM(C12:T12)/18 -> 0
A13: 2 | B13: =OCT!B14 -> 0 | U13: =SUM(C13:T13)/18 -> 0
A14: 3 | B14: =OCT!B15 -> 0 | U14: =SUM(C14:T14)/18 -> 0
A15: 4 | B15: =OCT!B16 -> 0 | U15: =SUM(C15:T15)/18 -> 0
A16: 5 | B16: =OCT!B17 -> 0 | U16: =SUM(C16:T16)/18 -> 0
A17: 6 | B17: =OCT!B18 -> 0 | U17: =SUM(C17:T17)/18 -> 0
A18: 7 | B18: =OCT!B19 -> 0 | U18: =SUM(C18:T18)/18 -> 0
A19: 8 | B19: =OCT!B20 -> 0 | U19: =SUM(C19:T19)/18 -> 0
A20: 9 | B20: =OCT!B21 -> 0 | U20: =SUM(C20:T20)/18 -> 0
A21: 10 | B21: =OCT!B22 -> 0 | U21: =SUM(C21:T21)/18 -> 0
A22: 11 | B22: =OCT!B23 -> 0 | U22: =SUM(C22:T22)/18 -> 0
A23: 12 | B23: =OCT!B24 -> 0 | U23: =SUM(C23:T23)/18 -> 0
... A25: 14 | B25: =OCT!B26 -> 0 | U25: =SUM(C25:T25)/18 -> 0
A26: 15 | U26: =SUM(C26:T26)/18 -> 0
A27: 16 | U27: =SUM(C27:T27)/18 -> 0
A28: TOTAL | U28: =SUM(U12:U21)/12 -> 0

Sheet MAY
A1: FUNDACIÓN NAUM PROYECTO SOCIOEDUCATIVO C/ C'an Ferragut , 4A C.P: 07011 Palma de Mallorca Tef: 971.78.30.19 Fax: 971.79.82.29 e-mail: info@naumsonroca.es CIF: G75889352 Data: 07/10/2025 Codi: R-AS.11 Edició: 10ª
B8: ACTIVITATS LÚDIQUES I RACÓ
B9: Grup:
B10: Mes: MAYO 2025
C11: 1 | D11: 4 | E11: 5 | F11: 6 | G11: 7 | H11: 11 | I11: 12 | J11: 13 | K11: 14 | L11: 18 | M11: 19 | N11: 20 | O11: 21 | P11: 25 | Q11: 26 | R11: 27 | S11: 28
A12: 1 | B12: =OCT!B13 -> 0 | T12: =SUM(C12:S12)/16 -> 0
A13: 2 | B13: =OCT!B14 -> 0 | T13: =SUM(C13:S13)/16 -> 0
A14: 3 | B14: =OCT!B15 -> 0 | T14: =SUM(C14:S14)/16 -> 0
A15: 4 | B15: =OCT!B16 -> 0 | T15: =SUM(C15:S15)/16 -> 0
A16: 5 | B16: =OCT!B17 -> 0 | T16: =SUM(C16:S16)/16 -> 0
A17: 6 | B17: =OCT!B18 -> 0 | T17: =SUM(C17:S17)/16 -> 0
A18: 7 | B18: =OCT!B19 -> 0 | T18: =SUM(C18:S18)/16 -> 0
A19: 8 | B19: =OCT!B20 -> 0 | T19: =SUM(C19:S19)/16 -> 0
A20: 9 | B20: =OCT!B21 -> 0 | T20: =SUM(C20:S20)/16 -> 0
A21: 10 | B21: =OCT!B22 -> 0 | T21: =SUM(C21:S21)/16 -> 0
A22: 11 | B22: =OCT!B23 -> 0 | T22: =SUM(C22:S22)/16 -> 0
A23: 12 | B23: =OCT!B24 -> 0 | T23: =SUM(C23:S23)/16 -> 0
... A25: 14 | B25: =OCT!B26 -> 0 | T25: =SUM(C25:S25)/16 -> 0
A26: 15 | T26: =SUM(C26:S26)/16 -> 0
A27: 16 | T27: =SUM(C27:S27)/16 -> 0
A28: TOTAL | T28: =SUM(T12:T21)/12 -> 0

Sheet JUN
A1: FUNDACIÓN NAUM PROYECTO SOCIOEDUCATIVO C/ C'an Ferragut , 4A C.P: 07011 Palma de Mallorca Tef: 971.78.30.19 Fax: 971.79.82.29 e-mail: info@naumsonroca.es CIF: G75889352 Data: 07/10/2025 Codi: R-AS.11 Edició: 10ª
B8: ACTIVITATS LÚDIQUES I RACÓ
B9: Grup:
B10: Mes: JUNIO 2025
C11: 1 | D11: 2 | E11: 3 | F11: 4 | G11: 8 | H11: 9 | I11: 10 | J11: 11 | K11: 15 | L11: 16 | M11: 17 | N11: 18
A12: 1 | B12: =OCT!B13 -> 0 | O12: =SUM(C12:N12)/12 -> 0
A13: 2 | B13: =OCT!B14 -> 0 | O13: =SUM(C13:N13)/12 -> 0
A14: 3 | B14: =OCT!B15 -> 0 | O14: =SUM(C14:N14)/12 -> 0
A15: 4 | B15: =OCT!B16 -> 0 | O15: =SUM(C15:N15)/12 -> 0
A16: 5 | B16: =OCT!B17 -> 0 | O16: =SUM(C16:N16)/12 -> 0
A17: 6 | B17: =OCT!B18 -> 0 | O17: =SUM(C17:N17)/12 -> 0
A18: 7 | B18: =OCT!B19 -> 0 | O18: =SUM(C18:N18)/12 -> 0
A19: 8 | B19: =OCT!B20 -> 0 | O19: =SUM(C19:N19)/12 -> 0
A20: 9 | B20: =OCT!B21 -> 0 | O20: =SUM(C20:N20)/12 -> 0
A21: 10 | B21: =OCT!B22 -> 0 | O21: =SUM(C21:N21)/12 -> 0
A22: 11 | B22: =OCT!B23 -> 0 | O22: =SUM(C22:N22)/12 -> 0
A23: 12 | B23: =OCT!B24 -> 0 | O23: =SUM(C23:N23)/12 -> 0
... A25: 14 | B25: =OCT!B26 -> 0 | O25: =SUM(C25:N25)/12 -> 0
A26: 15 | O26: =SUM(C26:N26)/12 -> 0
A27: 16 | O27: =SUM(C27:N27)/12 -> 0
A28: TOTAL | O28: =SUM(C28:N28)/12 -> 0
